{"cameraMode":{"drawMode":0,"name":"Shaded","section":"Shading Mode"},"sceneLighting":false,"audioPlay":false,"sceneViewState":{"showFog":true,"showMaterialUpdate":false,"showSkybox":false,"showFlares":true,"showImageEffects":true,"showParticleSystems":true},"in2DMode":false,"pivot":{"x":2.4879846572875978,"y":0.884940505027771,"z":-0.4345674514770508},"rotation":{"x":-0.1041998639702797,"y":-0.10690339654684067,"z":0.011266298592090607,"w":-0.9887300729751587},"size":4.042675971984863,"orthographic":true}